{
  "Current (Median)": {
    "threshold": 0.2256,
    "tp": 28263,
    "tn": 278764,
    "fp": 250467,
    "fn": 0,
    "accuracy": 0.5507270033399463,
    "precision": 0.10139920353029813,
    "recall": 1.0,
    "sensitivity": 1.0,
    "f1_score": 0.1841279768594072,
    "error_rate": 0.4492729966600537,
    "specificity": 0.5267340726450265,
    "auc": 1.0,
    "fp_rate": 0.4732659273549735,
    "fn_rate": 0.0
  },
  "Optimal (1st percentile)": {
    "threshold": -0.07003820298650051,
    "tp": 5575,
    "tn": 529231,
    "fp": 0,
    "fn": 22688,
    "accuracy": 0.9593035978862553,
    "precision": 1.0,
    "recall": 0.19725436082510703,
    "sensitivity": 0.19725436082510703,
    "f1_score": 0.3295112004255571,
    "error_rate": 0.0406964021137447,
    "specificity": 1.0,
    "auc": 1.0,
    "fp_rate": 0.0,
    "fn_rate": 0.8027456391748929
  },
  "P5": {
    "threshold": -0.00040326936101545363,
    "tp": 27875,
    "tn": 529231,
    "fp": 0,
    "fn": 388,
    "accuracy": 0.999304028384162,
    "precision": 1.0,
    "recall": 0.9862718041255352,
    "sensitivity": 0.9862718041255352,
    "f1_score": 0.9930884605792868,
    "error_rate": 0.0006959716158380091,
    "specificity": 1.0,
    "auc": 1.0,
    "fp_rate": 0.0,
    "fn_rate": 0.013728195874464848
  },
  "P10": {
    "threshold": 0.03448504354324426,
    "tp": 28263,
    "tn": 501744,
    "fp": 27487,
    "fn": 0,
    "accuracy": 0.9506954334934546,
    "precision": 0.5069596412556053,
    "recall": 1.0,
    "sensitivity": 1.0,
    "f1_score": 0.672824443836073,
    "error_rate": 0.049304566506545355,
    "specificity": 0.9480623772983819,
    "auc": 1.0,
    "fp_rate": 0.05193762270161801,
    "fn_rate": 0.0
  },
  "P15": {
    "threshold": 0.06747362750091308,
    "tp": 28263,
    "tn": 473870,
    "fp": 55361,
    "fn": 0,
    "accuracy": 0.9006966891123492,
    "precision": 0.33797713575050226,
    "recall": 1.0,
    "sensitivity": 1.0,
    "f1_score": 0.5052061454860708,
    "error_rate": 0.09930331088765076,
    "specificity": 0.8953935049156229,
    "auc": 1.0,
    "fp_rate": 0.10460649508437714,
    "fn_rate": 0.0
  },
  "P20": {
    "threshold": 0.09643559795010678,
    "tp": 28263,
    "tn": 445995,
    "fp": 83236,
    "fn": 0,
    "accuracy": 0.8506961509899658,
    "precision": 0.25348209400981175,
    "recall": 1.0,
    "sensitivity": 1.0,
    "f1_score": 0.40444469884517964,
    "error_rate": 0.14930384901003424,
    "specificity": 0.8427227429988039,
    "auc": 1.0,
    "fp_rate": 0.15727725700119607,
    "fn_rate": 0.0
  }
}